cut,output_in,output_out,source_file,source_in,source_out,speech
1,0,0.3,source-media/sc-03.mp4,0.5,0.8,여러분 제가
2,0.3,0.667,source-media/sc-02.mp4,0.3,0.667,여러분 제가
3,0.667,2.2,source-media/sc-05.mp4,1,2.533,여러분 제가 / 정말 미쳤나 봅니다
4,2.2,4.3,source-media/sc-09.mp4,0.2,2.3,AI에 미쳐서 / 학교까지 만들고 있습니다 / 원래 저는
5,4.3,6.367,source-media/sc-04.mp4,2.5,4.567,원래 저는 / 인테리어 하던 사람이에요 / 어머니 카페 짓는다고
6,6.367,9.933,source-media/sc-08.mp4,3,6.567,어머니 카페 짓는다고 / 2층 주택 / 기둥까지 뽑아본 사람이
7,9.933,11.7,source-media/sc-10.mp4,0.4,2.167,기둥까지 뽑아본 사람이 / 지금은 AI를 짓고 있습니다 / 근데 이 학교는
8,11.7,15.967,source-media/sc-11.mp4,1,5.267,근데 이 학교는 / 수업을 끝까지 다 들어도 / 졸업을 못 합니다
9,15.967,17.167,source-media/sc-08.mp4,9,10.2,졸업을 못 합니다 / 자기 걸 만들어야 해요
10,17.167,19.267,source-media/sc-05.mp4,3,5.1,자기 걸 만들어야 해요 / 남이 AI로 뭘 / 만들었다 보면 / 나도 해봐야겠다 싶잖아요
11,19.267,21.533,source-media/sc-07.mp4,0.4,2.667,나도 해봐야겠다 싶잖아요
12,21.533,24.8,source-media/sc-06.mp4,0.3,3.567,근데 막상 혼자 켜면 / 뭘 해야 될지 모르겠고
13,24.8,27.733,source-media/sc-01.mp4,0.4,3.333,뭘 해야 될지 모르겠고 / 따라 하다가 안 되면 / 그냥 닫아서 끝내버립니다 / 저도 강의만 듣다가
14,27.733,30.533,source-media/sc-03.mp4,1,3.8,"저도 강의만 듣다가 / 3,4천만 원 날려봤거든요"
15,30.533,33.967,source-media/sc-02.mp4,2,5.433,"3,4천만 원 날려봤거든요 / 저는 그다음까지 / 같이 해보는 / 학교를 만들고 싶습니다"
16,33.967,36.6,source-media/sc-07.mp4,0.6,3.233,자기 걸 만들고 / 안 되면 같이 고치고
17,36.6,38.567,source-media/sc-08.mp4,10,11.967,다음엔 혼자서도 / 해볼 수 있게 말이죠 / 말하고 보니까
18,38.567,40.567,source-media/sc-04.mp4,0.3,2.3,말하고 보니까 / 일을 좀 크게 벌인 것 같네요
19,40.567,42.7,source-media/sc-10.mp4,4,6.133,일단 AI로 / 뭘 만들어야 할지
20,42.7,44.067,source-media/sc-09.mp4,4,5.367,뭘 만들어야 할지 / 막막한 분들을 위해
21,44.067,46.733,source-media/sc-11.mp4,6,8.667,막막한 분들을 위해 / 첫 프로젝트를 / 정해보는 워크북부터 / 준비했습니다
22,46.733,48.633,source-media/sc-06.mp4,3,4.9,준비했습니다 / 댓글에 시작이라고 / 남겨주세요
23,48.633,49.6,source-media/sc-12.mp4,1,1.967,남겨주세요
